"filename", "language", "JavaScript", "PHP", "XML", "CSS", "SCSS", "HTML", "comment", "blank", "total"
"c:\xampp\htdocs\localTheatre\about.php", "PHP", 0, 645, 0, 0, 0, 0, 1, 42, 688
"c:\xampp\htdocs\localTheatre\blog.php", "PHP", 0, 382, 0, 0, 0, 0, 1, 23, 406
"c:\xampp\htdocs\localTheatre\contact.php", "PHP", 0, 267, 0, 0, 0, 0, 1, 28, 296
"c:\xampp\htdocs\localTheatre\css\_notes\dwsync.xml", "XML", 0, 0, 5, 0, 0, 0, 0, 0, 5
"c:\xampp\htdocs\localTheatre\css\style.css", "CSS", 0, 0, 0, 8410, 0, 0, 9, 1442, 9861
"c:\xampp\htdocs\localTheatre\img\_notes\dwsync.xml", "XML", 0, 0, 10, 0, 0, 0, 0, 0, 10
"c:\xampp\htdocs\localTheatre\img\theatre shows - Google Search.html", "HTML", 0, 0, 0, 0, 0, 264, 1, 25, 290
"c:\xampp\htdocs\localTheatre\img\theatre shows - Google Search_files\app.html", "HTML", 0, 0, 0, 0, 0, 59, 1, 7, 67
"c:\xampp\htdocs\localTheatre\index.php", "PHP", 0, 346, 0, 0, 0, 0, 1, 29, 376
"c:\xampp\htdocs\localTheatre\js\_notes\dwsync.xml", "XML", 0, 0, 4, 0, 0, 0, 0, 0, 4
"c:\xampp\htdocs\localTheatre\js\main.js", "JavaScript", 54, 0, 0, 0, 0, 0, 4, 8, 66
"c:\xampp\htdocs\localTheatre\lib\counterup\_notes\dwsync.xml", "XML", 0, 0, 4, 0, 0, 0, 0, 0, 4
"c:\xampp\htdocs\localTheatre\lib\counterup\counterup.min.js", "JavaScript", 1, 0, 0, 0, 0, 0, 10, 1, 12
"c:\xampp\htdocs\localTheatre\lib\easing\_notes\dwsync.xml", "XML", 0, 0, 5, 0, 0, 0, 0, 0, 5
"c:\xampp\htdocs\localTheatre\lib\easing\easing.js", "JavaScript", 153, 0, 0, 0, 0, 0, 9, 7, 169
"c:\xampp\htdocs\localTheatre\lib\easing\easing.min.js", "JavaScript", 1, 0, 0, 0, 0, 0, 0, 1, 2
"c:\xampp\htdocs\localTheatre\lib\flaticon\_notes\dwsync.xml", "XML", 0, 0, 4, 0, 0, 0, 0, 0, 4
"c:\xampp\htdocs\localTheatre\lib\flaticon\font\Flaticon.svg", "XML", 0, 0, 250, 0, 0, 0, 3, 2, 255
"c:\xampp\htdocs\localTheatre\lib\flaticon\font\_flaticon.scss", "SCSS", 0, 0, 0, 0, 51, 0, 4, 5, 60
"c:\xampp\htdocs\localTheatre\lib\flaticon\font\_notes\dwsync.xml", "XML", 0, 0, 11, 0, 0, 0, 0, 0, 11
"c:\xampp\htdocs\localTheatre\lib\flaticon\font\flaticon.css", "CSS", 0, 0, 0, 34, 0, 0, 4, 4, 42
"c:\xampp\htdocs\localTheatre\lib\flaticon\font\flaticon.html", "HTML", 0, 0, 0, 0, 0, 457, 4, 44, 505
"c:\xampp\htdocs\localTheatre\lib\flaticon\license\_notes\dwsync.xml", "XML", 0, 0, 4, 0, 0, 0, 0, 0, 4
"c:\xampp\htdocs\localTheatre\lib\owlcarousel\_notes\dwsync.xml", "XML", 0, 0, 6, 0, 0, 0, 0, 0, 6
"c:\xampp\htdocs\localTheatre\lib\owlcarousel\assets\_notes\dwsync.xml", "XML", 0, 0, 11, 0, 0, 0, 0, 0, 11
"c:\xampp\htdocs\localTheatre\lib\owlcarousel\assets\owl.carousel.css", "CSS", 0, 0, 0, 132, 0, 0, 23, 16, 171
"c:\xampp\htdocs\localTheatre\lib\owlcarousel\assets\owl.carousel.min.css", "CSS", 0, 0, 0, 1, 0, 0, 5, 0, 6
"c:\xampp\htdocs\localTheatre\lib\owlcarousel\assets\owl.theme.default.css", "CSS", 0, 0, 0, 40, 0, 0, 8, 3, 51
"c:\xampp\htdocs\localTheatre\lib\owlcarousel\assets\owl.theme.default.min.css", "CSS", 0, 0, 0, 1, 0, 0, 5, 0, 6
"c:\xampp\htdocs\localTheatre\lib\owlcarousel\assets\owl.theme.green.css", "CSS", 0, 0, 0, 40, 0, 0, 8, 3, 51
"c:\xampp\htdocs\localTheatre\lib\owlcarousel\assets\owl.theme.green.min.css", "CSS", 0, 0, 0, 1, 0, 0, 5, 0, 6
"c:\xampp\htdocs\localTheatre\lib\owlcarousel\owl.carousel.js", "JavaScript", 1901, 0, 0, 0, 0, 0, 908, 467, 3276
"c:\xampp\htdocs\localTheatre\lib\owlcarousel\owl.carousel.min.js", "JavaScript", 2, 0, 0, 0, 0, 0, 5, 0, 7
"c:\xampp\htdocs\localTheatre\lib\waypoints\_notes\dwsync.xml", "XML", 0, 0, 5, 0, 0, 0, 0, 0, 5
"c:\xampp\htdocs\localTheatre\lib\waypoints\links.php", "PHP", 0, 5, 0, 0, 0, 0, 0, 1, 6
"c:\xampp\htdocs\localTheatre\lib\waypoints\waypoints.min.js", "JavaScript", 1, 0, 0, 0, 0, 0, 6, 0, 7
"c:\xampp\htdocs\localTheatre\mail\contact.js", "JavaScript", 60, 0, 0, 0, 0, 0, 0, 6, 66
"c:\xampp\htdocs\localTheatre\mail\contact.php", "PHP", 0, 17, 0, 0, 0, 0, 0, 4, 21
"c:\xampp\htdocs\localTheatre\mail\jqBootstrapValidation.min.js", "JavaScript", 1, 0, 0, 0, 0, 0, 0, 0, 1
"c:\xampp\htdocs\localTheatre\php\addTodB.php", "PHP", 0, 209, 0, 0, 0, 0, 3, 45, 257
"c:\xampp\htdocs\localTheatre\php\delete.php", "PHP", 0, 35, 0, 0, 0, 0, 4, 12, 51
"c:\xampp\htdocs\localTheatre\php\edit.php", "PHP", 0, 209, 0, 0, 0, 0, 0, 41, 250
"c:\xampp\htdocs\localTheatre\php\includes\header.php", "PHP", 0, 17, 0, 0, 0, 0, 0, 5, 22
"c:\xampp\htdocs\localTheatre\php\login.php", "PHP", 0, 207, 0, 0, 0, 0, 0, 44, 251
"c:\xampp\htdocs\localTheatre\php\register.php", "PHP", 0, 194, 0, 0, 0, 0, 1, 41, 236
"c:\xampp\htdocs\localTheatre\php\view.php", "PHP", 0, 177, 0, 0, 0, 0, 7, 50, 234
"c:\xampp\htdocs\localTheatre\private\_notes\dwsync.xml", "XML", 0, 0, 4, 0, 0, 0, 0, 0, 4
"c:\xampp\htdocs\localTheatre\private\addTodB_handle.php", "PHP", 0, 17, 0, 0, 0, 0, 0, 11, 28
"c:\xampp\htdocs\localTheatre\private\connection.php", "PHP", 0, 16, 0, 0, 0, 0, 2, 4, 22
"c:\xampp\htdocs\localTheatre\private\login_handle.php", "PHP", 0, 17, 0, 0, 0, 0, 0, 8, 25
"c:\xampp\htdocs\localTheatre\private\logout.php", "PHP", 0, 8, 0, 0, 0, 0, 0, 1, 9
"c:\xampp\htdocs\localTheatre\private\register_handle.php", "PHP", 0, 19, 0, 0, 0, 0, 23, 12, 54
"c:\xampp\htdocs\localTheatre\reviews.php", "PHP", 0, 480, 0, 0, 0, 0, 1, 33, 514
"c:\xampp\htdocs\localTheatre\scss\_notes\dwsync.xml", "XML", 0, 0, 4, 0, 0, 0, 0, 0, 4
"c:\xampp\htdocs\localTheatre\scss\bootstrap\scss\_alert.scss", "SCSS", 0, 0, 0, 0, 29, 0, 13, 11, 53
"c:\xampp\htdocs\localTheatre\scss\bootstrap\scss\_badge.scss", "SCSS", 0, 0, 0, 0, 34, 0, 12, 9, 55
"c:\xampp\htdocs\localTheatre\scss\bootstrap\scss\_breadcrumb.scss", "SCSS", 0, 0, 0, 0, 31, 0, 8, 6, 45
"c:\xampp\htdocs\localTheatre\scss\bootstrap\scss\_button-group.scss", "SCSS", 0, 0, 0, 0, 101, 0, 31, 32, 164
"c:\xampp\htdocs\localTheatre\scss\bootstrap\scss\_buttons.scss", "SCSS", 0, 0, 0, 0, 91, 0, 22, 30, 143
"c:\xampp\htdocs\localTheatre\scss\bootstrap\scss\_card.scss", "SCSS", 0, 0, 0, 0, 198, 0, 37, 52, 287
"c:\xampp\htdocs\localTheatre\scss\bootstrap\scss\_carousel.scss", "SCSS", 0, 0, 0, 0, 142, 0, 30, 26, 198
"c:\xampp\htdocs\localTheatre\scss\bootstrap\scss\_close.scss", "SCSS", 0, 0, 0, 0, 26, 0, 8, 7, 41
"c:\xampp\htdocs\localTheatre\scss\bootstrap\scss\_code.scss", "SCSS", 0, 0, 0, 0, 36, 0, 6, 7, 49
"c:\xampp\htdocs\localTheatre\scss\bootstrap\scss\_custom-forms.scss", "SCSS", 0, 0, 0, 0, 400, 0, 49, 76, 525
"c:\xampp\htdocs\localTheatre\scss\bootstrap\scss\_dropdown.scss", "SCSS", 0, 0, 0, 0, 153, 0, 16, 24, 193
"c:\xampp\htdocs\localTheatre\scss\bootstrap\scss\_forms.scss", "SCSS", 0, 0, 0, 0, 219, 0, 73, 56, 348
"c:\xampp\htdocs\localTheatre\scss\bootstrap\scss\_functions.scss", "SCSS", 0, 0, 0, 0, 95, 0, 24, 26, 145
"c:\xampp\htdocs\localTheatre\scss\bootstrap\scss\_grid.scss", "SCSS", 0, 0, 0, 0, 44, 0, 16, 14, 74
"c:\xampp\htdocs\localTheatre\scss\bootstrap\scss\_images.scss", "SCSS", 0, 0, 0, 0, 22, 0, 13, 8, 43
"c:\xampp\htdocs\localTheatre\scss\bootstrap\scss\_input-group.scss", "SCSS", 0, 0, 0, 0, 130, 0, 30, 33, 193
"c:\xampp\htdocs\localTheatre\scss\bootstrap\scss\_jumbotron.scss", "SCSS", 0, 0, 0, 0, 15, 0, 0, 3, 18
"c:\xampp\htdocs\localTheatre\scss\bootstrap\scss\_list-group.scss", "SCSS", 0, 0, 0, 0, 97, 0, 24, 34, 155
"c:\xampp\htdocs\localTheatre\scss\bootstrap\scss\_media.scss", "SCSS", 0, 0, 0, 0, 7, 0, 0, 2, 9
"c:\xampp\htdocs\localTheatre\scss\bootstrap\scss\_mixins.scss", "SCSS", 0, 0, 0, 0, 32, 0, 9, 7, 48
"c:\xampp\htdocs\localTheatre\scss\bootstrap\scss\_modal.scss", "SCSS", 0, 0, 0, 0, 168, 0, 37, 36, 241
"c:\xampp\htdocs\localTheatre\scss\bootstrap\scss\_nav.scss", "SCSS", 0, 0, 0, 0, 81, 0, 19, 24, 124
"c:\xampp\htdocs\localTheatre\scss\bootstrap\scss\_navbar.scss", "SCSS", 0, 0, 0, 0, 218, 0, 46, 61, 325
"c:\xampp\htdocs\localTheatre\scss\bootstrap\scss\_notes\dwsync.xml", "XML", 0, 0, 4, 0, 0, 0, 0, 0, 4
"c:\xampp\htdocs\localTheatre\scss\bootstrap\scss\_pagination.scss", "SCSS", 0, 0, 0, 0, 60, 0, 4, 11, 75
"c:\xampp\htdocs\localTheatre\scss\bootstrap\scss\_popover.scss", "SCSS", 0, 0, 0, 0, 141, 0, 5, 25, 171
"c:\xampp\htdocs\localTheatre\scss\bootstrap\scss\_print.scss", "SCSS", 0, 0, 0, 0, 84, 0, 33, 25, 142
"c:\xampp\htdocs\localTheatre\scss\bootstrap\scss\_progress.scss", "SCSS", 0, 0, 0, 0, 41, 0, 1, 6, 48
"c:\xampp\htdocs\localTheatre\scss\bootstrap\scss\_reboot.scss", "SCSS", 0, 0, 0, 0, 262, 0, 138, 85, 485
"c:\xampp\htdocs\localTheatre\scss\bootstrap\scss\_root.scss", "SCSS", 0, 0, 0, 0, 13, 0, 4, 4, 21
"c:\xampp\htdocs\localTheatre\scss\bootstrap\scss\_spinners.scss", "SCSS", 0, 0, 0, 0, 41, 0, 8, 8, 57
"c:\xampp\htdocs\localTheatre\scss\bootstrap\scss\_tables.scss", "SCSS", 0, 0, 0, 0, 121, 0, 28, 37, 186
"c:\xampp\htdocs\localTheatre\scss\bootstrap\scss\_toasts.scss", "SCSS", 0, 0, 0, 0, 38, 0, 2, 7, 47
"c:\xampp\htdocs\localTheatre\scss\bootstrap\scss\_tooltip.scss", "SCSS", 0, 0, 0, 0, 93, 0, 5, 18, 116
"c:\xampp\htdocs\localTheatre\scss\bootstrap\scss\_transitions.scss", "SCSS", 0, 0, 0, 0, 17, 0, 0, 4, 21
"c:\xampp\htdocs\localTheatre\scss\bootstrap\scss\_type.scss", "SCSS", 0, 0, 0, 0, 82, 0, 20, 24, 126
"c:\xampp\htdocs\localTheatre\scss\bootstrap\scss\_utilities.scss", "SCSS", 0, 0, 0, 0, 18, 0, 0, 1, 19
"c:\xampp\htdocs\localTheatre\scss\bootstrap\scss\_variables.scss", "SCSS", 0, 0, 0, 0, 776, 0, 95, 272, 1143
"c:\xampp\htdocs\localTheatre\scss\bootstrap\scss\bootstrap-grid.css", "CSS", 0, 0, 0, 3295, 0, 0, 7, 206, 3508
"c:\xampp\htdocs\localTheatre\scss\bootstrap\scss\bootstrap-grid.scss", "SCSS", 0, 0, 0, 0, 18, 0, 6, 6, 30
"c:\xampp\htdocs\localTheatre\scss\bootstrap\scss\bootstrap-reboot.css", "CSS", 0, 0, 0, 261, 0, 0, 8, 55, 324
"c:\xampp\htdocs\localTheatre\scss\bootstrap\scss\bootstrap-reboot.scss", "SCSS", 0, 0, 0, 0, 4, 0, 7, 2, 13
"c:\xampp\htdocs\localTheatre\scss\bootstrap\scss\bootstrap.css", "CSS", 0, 0, 0, 8447, 0, 0, 7, 1197, 9651
"c:\xampp\htdocs\localTheatre\scss\bootstrap\scss\bootstrap.scss", "SCSS", 0, 0, 0, 0, 37, 0, 6, 2, 45
"c:\xampp\htdocs\localTheatre\scss\bootstrap\scss\mixins\_alert.scss", "SCSS", 0, 0, 0, 0, 11, 0, 0, 3, 14
"c:\xampp\htdocs\localTheatre\scss\bootstrap\scss\mixins\_background-variant.scss", "SCSS", 0, 0, 0, 0, 18, 0, 2, 4, 24
"c:\xampp\htdocs\localTheatre\scss\bootstrap\scss\mixins\_badge.scss", "SCSS", 0, 0, 0, 0, 15, 0, 0, 3, 18
"c:\xampp\htdocs\localTheatre\scss\bootstrap\scss\mixins\_border-radius.scss", "SCSS", 0, 0, 0, 0, 63, 0, 3, 11, 77
"c:\xampp\htdocs\localTheatre\scss\bootstrap\scss\mixins\_box-shadow.scss", "SCSS", 0, 0, 0, 0, 17, 0, 2, 2, 21
"c:\xampp\htdocs\localTheatre\scss\bootstrap\scss\mixins\_breakpoints.scss", "SCSS", 0, 0, 0, 0, 69, 0, 44, 11, 124
"c:\xampp\htdocs\localTheatre\scss\bootstrap\scss\mixins\_buttons.scss", "SCSS", 0, 0, 0, 0, 86, 0, 11, 14, 111
"c:\xampp\htdocs\localTheatre\scss\bootstrap\scss\mixins\_caret.scss", "SCSS", 0, 0, 0, 0, 55, 0, 0, 8, 63
"c:\xampp\htdocs\localTheatre\scss\bootstrap\scss\mixins\_clearfix.scss", "SCSS", 0, 0, 0, 0, 7, 0, 0, 1, 8
"c:\xampp\htdocs\localTheatre\scss\bootstrap\scss\mixins\_deprecate.scss", "SCSS", 0, 0, 0, 0, 5, 0, 5, 1, 11
"c:\xampp\htdocs\localTheatre\scss\bootstrap\scss\mixins\_float.scss", "SCSS", 0, 0, 0, 0, 12, 0, 1, 2, 15
"c:\xampp\htdocs\localTheatre\scss\bootstrap\scss\mixins\_forms.scss", "SCSS", 0, 0, 0, 0, 141, 0, 17, 21, 179
"c:\xampp\htdocs\localTheatre\scss\bootstrap\scss\mixins\_gradients.scss", "SCSS", 0, 0, 0, 0, 34, 0, 7, 5, 46
"c:\xampp\htdocs\localTheatre\scss\bootstrap\scss\mixins\_grid-framework.scss", "SCSS", 0, 0, 0, 0, 60, 0, 8, 13, 81
"c:\xampp\htdocs\localTheatre\scss\bootstrap\scss\mixins\_grid.scss", "SCSS", 0, 0, 0, 0, 46, 0, 15, 9, 70
"c:\xampp\htdocs\localTheatre\scss\bootstrap\scss\mixins\_hover.scss", "SCSS", 0, 0, 0, 0, 23, 0, 10, 5, 38
"c:\xampp\htdocs\localTheatre\scss\bootstrap\scss\mixins\_image.scss", "SCSS", 0, 0, 0, 0, 13, 0, 16, 8, 37
"c:\xampp\htdocs\localTheatre\scss\bootstrap\scss\mixins\_list-group.scss", "SCSS", 0, 0, 0, 0, 17, 0, 1, 4, 22
"c:\xampp\htdocs\localTheatre\scss\bootstrap\scss\mixins\_lists.scss", "SCSS", 0, 0, 0, 0, 4, 0, 2, 2, 8
"c:\xampp\htdocs\localTheatre\scss\bootstrap\scss\mixins\_nav-divider.scss", "SCSS", 0, 0, 0, 0, 7, 0, 3, 2, 12
"c:\xampp\htdocs\localTheatre\scss\bootstrap\scss\mixins\_pagination.scss", "SCSS", 0, 0, 0, 0, 19, 0, 1, 3, 23
"c:\xampp\htdocs\localTheatre\scss\bootstrap\scss\mixins\_reset-text.scss", "SCSS", 0, 0, 0, 0, 16, 0, 1, 1, 18
"c:\xampp\htdocs\localTheatre\scss\bootstrap\scss\mixins\_resize.scss", "SCSS", 0, 0, 0, 0, 4, 0, 1, 2, 7
"c:\xampp\htdocs\localTheatre\scss\bootstrap\scss\mixins\_screen-reader.scss", "SCSS", 0, 0, 0, 0, 22, 0, 9, 4, 35
"c:\xampp\htdocs\localTheatre\scss\bootstrap\scss\mixins\_size.scss", "SCSS", 0, 0, 0, 0, 5, 0, 1, 2, 8
"c:\xampp\htdocs\localTheatre\scss\bootstrap\scss\mixins\_table-row.scss", "SCSS", 0, 0, 0, 0, 29, 0, 5, 6, 40
"c:\xampp\htdocs\localTheatre\scss\bootstrap\scss\mixins\_text-emphasis.scss", "SCSS", 0, 0, 0, 0, 13, 0, 2, 3, 18
"c:\xampp\htdocs\localTheatre\scss\bootstrap\scss\mixins\_text-hide.scss", "SCSS", 0, 0, 0, 0, 8, 0, 2, 2, 12
"c:\xampp\htdocs\localTheatre\scss\bootstrap\scss\mixins\_text-truncate.scss", "SCSS", 0, 0, 0, 0, 5, 0, 2, 2, 9
"c:\xampp\htdocs\localTheatre\scss\bootstrap\scss\mixins\_transition.scss", "SCSS", 0, 0, 0, 0, 22, 0, 1, 4, 27
"c:\xampp\htdocs\localTheatre\scss\bootstrap\scss\mixins\_visibility.scss", "SCSS", 0, 0, 0, 0, 4, 0, 2, 3, 9
"c:\xampp\htdocs\localTheatre\scss\bootstrap\scss\utilities\_align.scss", "SCSS", 0, 0, 0, 0, 6, 0, 1, 2, 9
"c:\xampp\htdocs\localTheatre\scss\bootstrap\scss\utilities\_background.scss", "SCSS", 0, 0, 0, 0, 14, 0, 1, 5, 20
"c:\xampp\htdocs\localTheatre\scss\bootstrap\scss\utilities\_borders.scss", "SCSS", 0, 0, 0, 0, 52, 0, 7, 17, 76
"c:\xampp\htdocs\localTheatre\scss\bootstrap\scss\utilities\_clearfix.scss", "SCSS", 0, 0, 0, 0, 3, 0, 0, 1, 4
"c:\xampp\htdocs\localTheatre\scss\bootstrap\scss\utilities\_display.scss", "SCSS", 0, 0, 0, 0, 13, 0, 7, 7, 27
"c:\xampp\htdocs\localTheatre\scss\bootstrap\scss\utilities\_embed.scss", "SCSS", 0, 0, 0, 0, 33, 0, 1, 6, 40
"c:\xampp\htdocs\localTheatre\scss\bootstrap\scss\utilities\_flex.scss", "SCSS", 0, 0, 0, 0, 39, 0, 4, 9, 52
"c:\xampp\htdocs\localTheatre\scss\bootstrap\scss\utilities\_float.scss", "SCSS", 0, 0, 0, 0, 8, 0, 1, 3, 12
"c:\xampp\htdocs\localTheatre\scss\bootstrap\scss\utilities\_interactions.scss", "SCSS", 0, 0, 0, 0, 3, 0, 1, 2, 6
"c:\xampp\htdocs\localTheatre\scss\bootstrap\scss\utilities\_overflow.scss", "SCSS", 0, 0, 0, 0, 3, 0, 1, 2, 6
"c:\xampp\htdocs\localTheatre\scss\bootstrap\scss\utilities\_position.scss", "SCSS", 0, 0, 0, 0, 24, 0, 3, 6, 33
"c:\xampp\htdocs\localTheatre\scss\bootstrap\scss\utilities\_screenreaders.scss", "SCSS", 0, 0, 0, 0, 6, 0, 3, 3, 12
"c:\xampp\htdocs\localTheatre\scss\bootstrap\scss\utilities\_shadows.scss", "SCSS", 0, 0, 0, 0, 4, 0, 1, 2, 7
"c:\xampp\htdocs\localTheatre\scss\bootstrap\scss\utilities\_sizing.scss", "SCSS", 0, 0, 0, 0, 11, 0, 3, 7, 21
"c:\xampp\htdocs\localTheatre\scss\bootstrap\scss\utilities\_spacing.scss", "SCSS", 0, 0, 0, 0, 64, 0, 4, 6, 74
"c:\xampp\htdocs\localTheatre\scss\bootstrap\scss\utilities\_stretched-link.scss", "SCSS", 0, 0, 0, 0, 13, 0, 5, 2, 20
"c:\xampp\htdocs\localTheatre\scss\bootstrap\scss\utilities\_text.scss", "SCSS", 0, 0, 0, 0, 39, 0, 11, 23, 73
"c:\xampp\htdocs\localTheatre\scss\bootstrap\scss\utilities\_visibility.scss", "SCSS", 0, 0, 0, 0, 6, 0, 4, 4, 14
"c:\xampp\htdocs\localTheatre\scss\bootstrap\scss\vendor\_rfs.scss", "SCSS", 0, 0, 0, 0, 126, 0, 43, 36, 205
"c:\xampp\htdocs\localTheatre\scss\style.scss", "SCSS", 0, 0, 0, 0, 152, 0, 2, 35, 189
"c:\xampp\htdocs\localTheatre\whatson.php", "PHP", 0, 488, 0, 0, 0, 0, 4, 37, 529
"Total", "-", 2174, 3755, 331, 20662, 5735, 780, 2255, 5430, 41122